100048,Emmett Rivers,Emmett,Rivers,Detroit,USA,32,"Kayaking, Lapidary, Gunsmithing","Icecream, Piri-piri chicken"
1000543,Kiana Spence,Kiana,Spence,San Antonio,USA,35,"Metal detecting, Nordic skating, Baton twirling","Lasagna,  Khinkali"
1000558,Cillian Shannon,Cillian,Shannon,Horsham,USA,65,"Crocheting, Writing, Puzzles"," Pelmeni,  Pupusa"
1000732,Harlee Maddox,Harlee,Maddox,El Paso,USA,73,"Basketball, scrapbook, Blacksmithing"," Pupusa,  Bandeja Paisa"
1000921,Lyric Benjamin,Lyric,Benjamin,Austin,USA,26,"Graffiti, Reading, Air sports"," Sushi, Chicken parm"
1001588,Jianna Nash,Jianna,Nash,Charleston,USA,25,"Running, Playing musical instruments, Sculling","Shish kebab, Penang assam laksa"
1001591,Chandler Magana,Chandler,Magana,Jacksonville,USA,65,"Driving, Scouting, Astronomy","Poke, Ankimo"
1001597,Amaris Medina,Amaris,Medina,Arlington,USA,43,"Cryptography, Shooting, Skateboarding"," Dahi Bhalla, Tom yum goong"
100186,George Lyons,George,Lyons,Indianapolis,USA,20,"Parkour, Embroidery, BASE jumping"," Haggis, Neeps & Tatties, Lobster"
100197,Kenzie Barr,Kenzie,Barr,San Antonio,USA,29,"Gunsmithing, Brazilian jiu-jitsu, Video gaming"," Boxty, Ohmi-gyu beef steak"
1002056,Harley Bauer,Harley,Bauer,Phoenix,USA,32,"Taekwondo, Mushroom hunting, Motor sports"," Boxty, Chicken parm"
1002092,Haley Noble,Haley,Noble,Sacramento,USA,45,"Sculling, Whittling, Hooping","Bunny chow, Neapolitan pizza"
1002303,Idris Ramirez,Idris,Ramirez,Columbus,USA,65,"Stand-up comedy, Polo, Blacksmithing","Champ, Seafood paella"
1002561,Grace Lyons,Grace,Lyons,Sacramento,USA,54,"Painting, Sports, Blacksmithing"," Pizza, Parma ham"
100257,Cyrus Lopez,Cyrus,Lopez,Wichita,USA,31,"Knitting, Nordic skating, role-playing games","Pastel de nata, Peking duck"
1002625,Gianna Gordon,Gianna,Gordon,El Paso,USA,54,"Tai chi, Do it yourself, Ice skating","Chicken muamba, Pho"
1002740,Karter McGuire,Karter,McGuire,San Antonio,USA,58,"Taekwondo, Cryptography, Metal detecting","Lechón,  Tacos"
1002760,April Li,April,Li,Salt Lake City,USA,64,"Surfing, Sewing, Table tennis"," Khinkali, Chicken parm"
1003040,Jorge Terrell,Jorge,Terrell,Baltimore,USA,54,"Kitesurfing, Photography, Cosplaying","Shish kebab,  Churros"
1003630,Paityn Phillips,Paityn,Phillips,Detroit,USA,24,"Wood carving, Playing musical instruments, Metal detecting","Corn on the cob, Maple syrup"
1003645,Andrew Hensley,Andrew,Hensley,San Antonio,USA,33,"Yoga, Foreign language learning, Couponing","Masala dosa, Lobster"
1003678,Malaya Cannon,Malaya,Cannon,Indianapolis,USA,65,"Polo, Handball, Tai chi","Poke, Piri-piri chicken"
1003775,Archie Ashley,Archie,Ashley,Columbus,USA,31,"Puzzles, Reading, Dance"," Tacos,  Bandeja Paisa"
1003919,Khalani Santiago,Khalani,Santiago,Fresno,USA,34,"Pet, Creative writing, Sudoku","Chocolate, Croissant"
1003983,Beckham Phelps,Beckham,Phelps,San Antonio,USA,55,"Yo-yoing, Nordic skating, Board games"," Poutine, Jianbing "
1004021,Laney Jacobs,Laney,Jacobs,El Paso,USA,28,"Origami, Watching movies, Mountain biking"," Haggis, Neeps & Tatties,  Nasi Lemak"
1004050,Bryan Ellis,Bryan,Ellis,Plano,USA,67,"Table tennis, Lacemaking, Driving"," Pizza, Chocolate"
1004131,Ayla McCann,Ayla,McCann,Milwaukee,USA,21,"Quilting, Ice skating, tabletop games","Stinky tofu, Poke"
100414,Heath Saunders,Heath,Saunders,Charleston,USA,56,"Skimboarding, Flying disc, Yoga","Tom yum goong,  Bandeja Paisa"
1004251,Meadow Pugh,Meadow,Pugh,Detroit,USA,32,"Do it yourself, Flying, Rafting"," Crepes,  Freakshakes"
1004444,Judson Rollins,Judson,Rollins,Phoenix,USA,32,"Kite flying, Wood carving, Scuba diving","Ohmi-gyu beef steak,  Churros"
1004745,Araceli Hayden,Araceli,Hayden,Wichita,USA,51,"Crocheting, Poi, Web surfing"," Hummus, Lechón"
1004764,Leroy Lowery,Leroy,Lowery,Plano,USA,34,"Quilting, Pet, Driving","Stinky tofu,  Currywurst"
1005436,Estelle West,Estelle,West,Arlington,USA,63,"Vehicle restoration, Skiing, Skateboarding"," Hummus, Corn on the cob"
1005701,Diego Deleon,Diego,Deleon,Plano,USA,49,"Flower arranging, Sculpting, Whittling","Jianbing ,  Pupusa"
1005765,Gabrielle Fischer,Gabrielle,Fischer,Arlington,USA,59,"Quilting, Blacksmithing, Flag Football"," Pastel de Nata,  Boxty"
1005776,Leonidas McCullough,Leonidas,McCullough,Tucson,USA,27,"Sculpting, Flying, Puzzles"," Pizza, Croissant"
1005811,Hana Orozco,Hana,Orozco,San Antonio,USA,48,"Origami, Shopping, Sports"," Bandeja Paisa, Arepas"
1005944,Keanu Mathis,Keanu,Mathis,Columbus,USA,21,"Book restoration, Kite flying, Rugby","Ankimo,  Boxty"
1006092,Anne Browning,Anne,Browning,Detroit,USA,30,"Fashion, Macrame, Ice skating"," Poutine,  Smørrebrød"
1006212,Rohan Hail,Rohan,Hail,Charlotte,USA,53,"Orienteering, Swimming, Do it yourself","Lasagna, Hamburger"
1006317,Lainey Kaur,Lainey,Kaur,San Antonio,USA,24,"Video gaming, Embroidery, Fashion","Chicken rice, Arepas"
1006331,Augustine Weber,Augustine,Weber,Kansas City,USA,43,"Roller skating, Sudoku, Reading"," Nasi Lemak,  Hummus"
100636,Alayah Pugh,Alayah,Pugh,Wichita,USA,27,"Gaming, Puzzles, Hunting"," Churros, Lechón"
100641,Judson Hendricks,Judson,Hendricks,Wichita,USA,62,"Letterboxing, Coffee roasting, Astronomy","Arepas,  Pizza"
1006514,Dani Ahmed,Dani,Ahmed,Columbus,USA,62,"Web surfing, tabletop games, Urban exploration"," Khinkali, Maple syrup"
100656,Harry Sexton,Harry,Sexton,San Antonio,USA,49,"Netball, Foreign language learning, Drawing"," Pastel de Nata, Maple syrup"
1006635,Ellen Romero,Ellen,Romero,San Antonio,USA,53,"Macrame, Running, Ice skating","Jianbing ,  Chilli Crab"
1006665,Bryson Barry,Bryson,Barry,Tucson,USA,28,"Gaming, Web surfing, Taxidermy"," Sushi, Masala dosa"
1006718,Waverly Pollard,Waverly,Pollard,Salt Lake City,USA,31,"Sketching, Candle making, Rappelling","Arepas,  Fish and Chips"
1006880,Jad Casey,Jad,Casey,Tucson,USA,56,"Cooking, Horseback riding, Brazilian jiu-jitsu","Chili crab,  Poutine"
1007020,Sylvia Mosley,Sylvia,Mosley,El Paso,USA,24,"Dowsing, Skimboarding, Mountain biking","Jianbing , Seafood paella"
1007156,Rayden Arroyo,Rayden,Arroyo,Indianapolis,USA,46,"Pet, Sculpting, Mountain biking"," Pizza, Hamburger"
1007291,Kyra Bennett,Kyra,Bennett,Salt Lake City,USA,30,"Basketball, Knitting, Cooking","Penang assam laksa, Lobster"
1007390,Leonardo Faulkner,Leonardo,Faulkner,Kansas City,USA,70,"Shooting, Gaming, Community","Butter garlic crab,  Choripan"
1007444,Ansley Wilson,Ansley,Wilson,Austin,USA,29,"Nordic skating, Baseball, Board games"," Pizza,  Smørrebrød"
1007642,Daniel Owens,Daniel,Owens,Milwaukee,USA,48,"Dowsing, Mountain biking, Rugby"," Pizza,  Pupusa"
1007743,Amaya Watkins,Amaya,Watkins,Indianapolis,USA,31,"BASE jumping, Gardening, Skimboarding","Rendang, Tom yum goong"
1007755,Nash Benjamin,Nash,Benjamin,El Paso,USA,55,"Sketching, Writing, Running","Ohmi-gyu beef steak, Lobster"
1008027,Jianna Buchanan,Jianna,Buchanan,Milwaukee,USA,46,"Flag Football, Dance, Origami"," Pineapple Bun,  Hot Pot"
1008035,Enrique Henry,Enrique,Henry,El Paso,USA,26,"Backpacking, Sailing, Baseball"," Boxty,  Currywurst"
1008281,Summer Hoover,Summer,Hoover,Horsham,USA,52,"Sculpting, Knapping, Hiking","Ohmi-gyu beef steak, Maple syrup"
1008331,Jaziel Winters,Jaziel,Winters,Detroit,USA,26,"Board sports, Astronomy, Orienteering"," Crepes,  Bandeja Paisa"
100843,Kataleya Tate,Kataleya,Tate,Tucson,USA,39,"Swimming, Painting, Sewing"," Crepes, Bunny chow"
1008464,Dalton Andrews,Dalton,Andrews,Baltimore,USA,28,"BASE jumping, Coloring, Bodybuilding"," Sushi,  Crepes"
1008823,Payton Cantrell,Payton,Cantrell,Indianapolis,USA,61,"Astronomy, Bird watching, Painting","Penang assam laksa, Jianbing "
1008837,Harris Marks,Harris,Marks,Arlington,USA,42,"Rafting, Lego building, Jogging","Icecream, Piri-piri chicken"
1009142,Monica Morales,Monica,Morales,Salt Lake City,USA,49,"Playing musical instruments, Jigsaw puzzles, Glassblowing"," Pineapple Bun, Lasagna"
1009197,Aaron Oliver,Aaron,Oliver,El Paso,USA,25,"Foraging, Table tennis, Rafting","Corn on the cob,  Tacos"
1009242,Camille Day,Camille,Day,Phoenix,USA,66,"Soapmaking, Sketching, Flower arranging","Jianbing , Neapolitan pizza"
1009298,Kayson Wilkerson,Kayson,Wilkerson,Indianapolis,USA,68,"Fashion, Scuba diving, Knitting"," Pupusa,  Crepes"
1009519,Janiyah Saunders,Janiyah,Saunders,Milwaukee,USA,64,"Baseball, Acting, Worldbuilding","Hummus, Poke"
1009560,Kasen Grant,Kasen,Grant,Memphis,USA,50,"Brazilian jiu-jitsu, Ghost hunting, Baton twirling","Bunny chow, Lasagna"
1009921,Alaina McMahon,Alaina,McMahon,Milwaukee,USA,47,"Flower arranging, Knitting, Horseback riding","Chili crab, Hummus"
1009938,Jakob Glover,Jakob,Glover,Kansas City,USA,33,"Pottery, Lapidary, Lego building","Hamburger, Piri-piri chicken"
1010345,Alessia Lyons,Alessia,Lyons,Charlotte,USA,71,"Orienteering, Kabaddi, Rafting","Penang assam laksa,  Haggis, Neeps & Tatties"
101040,Cyrus Benitez,Cyrus,Benitez,Fresno,USA,39,"Taekwondo, scrapbook, Listening to music"," Bandeja Paisa,  Boxty"
101078,Aliza Anderson,Aliza,Anderson,Jacksonville,USA,66,"Blacksmithing, Fashion, Origami"," Dahi Bhalla, Lobster"
1010808,Jacob Osborne,Jacob,Osborne,Austin,USA,60,"role-playing games, Basketball, Shooting","Rendang,  Molokheyah"
1010959,Shelby Diaz,Shelby,Diaz,Tucson,USA,20,"Motor sports, Poi, Drawing"," Poutine,  Nasi Lemak"
1011143,Nathan Dunlap,Nathan,Dunlap,Salt Lake City,USA,36,"Fashion, Shopping, Genealogy","Ohmi-gyu beef steak,  Pupusa"
1011248,Iliana Bonilla,Iliana,Bonilla,Fresno,USA,56,"Knitting, Yo-yoing, Playing musical instruments","Lasagna,  Pizza"
1011278,Aden Robles,Aden,Robles,Tucson,USA,72,"Reading, Acting, Sculpting","Chili crab, Jianbing "
1011409,Felicity Gaines,Felicity,Gaines,Columbus,USA,23,"Magic, Gaming, Brazilian jiu-jitsu","Croissant,  Welsh rarebit"
1011531,Talon Jennings,Talon,Jennings,Milwaukee,USA,47,"Skateboarding, Motor sports, Scuba diving"," Haggis, Neeps & Tatties,  Smørrebrød"
1011574,Palmer Burgess,Palmer,Burgess,Horsham,USA,28,"Polo, Hunting, LARPing","Chocolate, Chicken parm"
1011794,Kolton Allison,Kolton,Allison,Tucson,USA,55,"Quilting, Kabaddi, Baton twirling"," Hot Pot, Champ"
1012042,Chelsea Harrington,Chelsea,Harrington,Charlotte,USA,25,"Flower arranging, Kitesurfing, Mycology","Corn on the cob, Bunny chow"
1012065,Omari Bond,Omari,Bond,Albuquerue,USA,30,"Playing musical instruments, Baton twirling, Baseball","Lechón, Stinky tofu"
1012353,Alena Petersen,Alena,Petersen,Jacksonville,USA,42,"Genealogy, Rafting, Book restoration","Maple syrup,  Hot Pot"
1012571,Samson Pope,Samson,Pope,Phoenix,USA,54,"Graffiti, Mycology, Pet","Chocolate, Chicken rice"
1012712,Aurelia Floyd,Aurelia,Floyd,Horsham,USA,46,"Sewing, Baton twirling, Skimboarding","Butter garlic crab, Piri-piri chicken"
1012736,Pierce Frye,Pierce,Frye,San Antonio,USA,22,"Paintball, Pottery, Kite flying","Ohmi-gyu beef steak,  Bandeja Paisa"
1012861,Raya Hines,Raya,Hines,Sacramento,USA,21,"Swimming, Model building, Singing","Neapolitan pizza, Butter garlic crab"
1012926,Uriel Nunez,Uriel,Nunez,Memphis,USA,31,"Jogging, Do it yourself, Fishing","Pastel de nata,  Haggis, Neeps & Tatties"
1013298,Mya McLaughlin,Mya,McLaughlin,Wichita,USA,45,"Web surfing, Rugby, Gunsmithing"," Pelmeni, Poke"
1013694,Ibrahim Aguirre,Ibrahim,Aguirre,Phoenix,USA,58,"Polo, Watching movies, Brazilian jiu-jitsu"," Molokheyah,  Hummus"
1013837,Ariah Horne,Ariah,Horne,Austin,USA,49,"Skateboarding, Wood carving, Scrapbooking"," Fish and Chips,  Choripan"
1013968,Zev Nelson,Zev,Nelson,Arlington,USA,21,"Video gaming, Sketching, Acting"," Crepes, Chili crab"
1013995,Everly Ray,Everly,Ray,San Antonio,USA,51,"Urban exploration, Horseback riding, Kabaddi","Seafood paella,  Tacos"
1014088,Arlo Palacios,Arlo,Palacios,San Antonio,USA,48,"Homebrewing, Dowsing, Worldbuilding","Neapolitan pizza, Bunny chow"
1014175,Bria McFarland,Bria,McFarland,Columbus,USA,48,"Vacation, Yoga, Woodworking"," Sushi,  Bandeja Paisa"
1014208,Dane Gardner,Dane,Gardner,San Antonio,USA,73,"Slacklining, Video gaming, Jigsaw puzzles","Lasagna, Pierogi"
1014390,Jordyn Bullock,Jordyn,Bullock,Detroit,USA,53,"Knife making, Basketball, Roller skating"," Sushi,  Bandeja Paisa"
1014520,Ben Miller,Ben,Miller,Denver,USA,29,"Fishing, Cycling, Gunsmithing","Chicken rice, Jianbing "
1014639,Isabella Decker,Isabella,Decker,Indianapolis,USA,42,"Lockpicking, Lockpicking, Board sports"," Hummus, Masala dosa"
1014776,Taylor Morgan,Taylor,Morgan,El Paso,USA,33,"Kabaddi, Worldbuilding, Jewelry making","Seafood paella,  Molokheyah"
1014802,Delilah Fleming,Delilah,Fleming,Columbus,USA,54,"Sculpting, Listening to music, Skydiving","Ohmi-gyu beef steak,  Crepes"
1014967,Fernando Stewart,Fernando,Stewart,Phoenix,USA,65,"Machining, Singing, Quilting","Seafood paella,  Hummus"
1014972,Maya Leblanc,Maya,Leblanc,Arlington,USA,63,"Driving, Letterboxing, Backpacking"," Freakshakes, Fajitas"
1015053,Braden Donaldson,Braden,Donaldson,Detroit,USA,70,"Painting, Photography, Knitting"," Khinkali, Piri-piri chicken"
1015342,Natasha Vo,Natasha,Vo,Plano,USA,55,"Dance, Parkour, Gunsmithing"," Chilli Crab,  Pineapple Bun"
101548,Gordon Mosley,Gordon,Mosley,Fresno,USA,33,"amateur radio, tabletop games, Candle making","Arepas,  Nasi Lemak"
1015510,Zaniyah Murillo,Zaniyah,Murillo,Columbus,USA,36,"Lapidary, Glassblowing, Sculpting","Corn on the cob, Stinky tofu"
1015528,Lance Miles,Lance,Miles,Baltimore,USA,47,"Swimming, Do it yourself, Motor sports","Fajitas,  Poutine"
1015688,Alessandra Garcia,Alessandra,Garcia,Denver,USA,73,"Jigsaw puzzles, Kitesurfing, Soapmaking","Pho,  Currywurst"
1015843,James Bautista,James,Bautista,San Antonio,USA,23,"Sports, Coffee roasting, Dance","Pho, Butter garlic crab"
1016113,Antonella Bennett,Antonella,Bennett,Columbus,USA,27,"Listening to music, Community, Flower arranging","Pho, Lasagna"
1016787,Leonardo May,Leonardo,May,Memphis,USA,66,"Coffee roasting, Gunsmithing, Lapidary","Lobster,  Haggis, Neeps & Tatties"
1017057,Adriana Steele,Adriana,Steele,Kansas City,USA,52,"Ghost hunting, LARPing, Kite flying","Neapolitan pizza,  Pizza"
1017127,Elian Mitchell,Elian,Mitchell,Arlington,USA,31,"Skateboarding, Ice skating, Machining","Lasagna,  Pineapple Bun"
1017154,Willow Keller,Willow,Keller,Horsham,USA,59,"Lego building, Glassblowing, Rock climbing","Jianbing , Icecream"
1017274,Nico Chavez,Nico,Chavez,Salt Lake City,USA,21,"Pottery, Ice skating, Community"," Hot Pot, Penang assam laksa"
10173,Nevaeh Patrick,Nevaeh,Patrick,Tucson,USA,31,"Video gaming, Astronomy, Quilting"," Fish and Chips, Chicken rice"
1017648,Derrick Wang,Derrick,Wang,Albuquerue,USA,55,"Rock climbing, Machining, Yoga","Peking duck, Butter garlic crab"
1017687,Kailani Gibson,Kailani,Gibson,Salt Lake City,USA,72,"3D printing, Mountaineering, Knife making"," Sushi,  Churros"
101773,Tyler Cannon,Tyler,Cannon,Baltimore,USA,64,"Foraging, Lacemaking, Baseball","Ankimo,  Fish and Chips"
1017783,Noa Cortez,Noa,Cortez,El Paso,USA,73,"Mushroom hunting, Do it yourself, Electronics","Piri-piri chicken, Lechón"
1017841,Zayn Hogan,Zayn,Hogan,Denver,USA,32,"Calligraphy, Amateur radio, Yo-yoing"," Molokheyah, Arepas"
1017877,Kathryn Melton,Kathryn,Melton,Plano,USA,37,"Air sports, Skateboarding, Foraging","Chicken rice,  Churros"
1017983,Lennon Frost,Lennon,Frost,Austin,USA,70,"Slacklining, Sports, Geocaching"," Hot Pot, Chocolate"
1018205,Paula McCoy,Paula,McCoy,Denver,USA,45,"Bodybuilding, Flying disc, Sketching","Masala dosa, Pierogi"
1018221,Jett Richmond,Jett,Richmond,Sacramento,USA,68,"Paintball, Gardening, Model building","Chicken rice, Pierogi"
1018337,Whitney Henson,Whitney,Henson,Salt Lake City,USA,49,"Sand art, Painting, Metal detecting","Chicken parm, Chicken muamba"
1018344,Bellamy Kane,Bellamy,Kane,Tucson,USA,24,"Dance, Swimming, Flag Football","Champ,  Nasi Lemak"
1018350,Ellianna Liu,Ellianna,Liu,Baltimore,USA,60,"Fishing, Shooting, Dance","Maple syrup, Maple syrup"
1018418,Pedro Rasmussen,Pedro,Rasmussen,Kansas City,USA,30,"Flying disc, Surfing, Drama"," Nasi Lemak, Butter garlic crab"
101845,Esperanza Barajas,Esperanza,Barajas,Albuquerue,USA,46,"Computer programming, Driving, Whittling","Corn on the cob,  Hummus"
1018639,Brennan Manning,Brennan,Manning,Phoenix,USA,67,"Machining, LARPing, Glassblowing"," Haggis, Neeps & Tatties,  Tacos"
1018974,Jennifer Savage,Jennifer,Savage,Charleston,USA,33,"Surfing, Yo-yoing, Sailing"," Currywurst, Chocolate"
1018982,Keaton Blevins,Keaton,Blevins,Charleston,USA,45,"Cosplaying, Glassblowing, Model building","Tom yum goong, Poke"
101906,Aila Maynard,Aila,Maynard,Sacramento,USA,28,"Cosplaying, Acting, Web surfing","Penang assam laksa,  Currywurst"
1019198,Landry Rose,Landry,Rose,Indianapolis,USA,56,"Stand-up comedy, Metalworking, Lockpicking"," Choripan,  Smørrebrød"
1019301,Magnolia Deleon,Magnolia,Deleon,Salt Lake City,USA,69,"Rappelling, Watching movies, Painting","Arepas,  Boxty"
101967,Nasir Carr,Nasir,Carr,Milwaukee,USA,49,"Pet, Sand art, Community"," Smørrebrød, Ohmi-gyu beef steak"
101976,Rowan Haynes,Rowan,Haynes,Charlotte,USA,21,"Embroidery, Lapidary, Electronics","Bunny chow, Icecream"
1019807,Kason Kelley,Kason,Kelley,Wichita,USA,72,"Ghost hunting, Origami, Hiking","Pho, Fajitas"
1019836,Rosalie Wilkinson,Rosalie,Wilkinson,Memphis,USA,43,"Skydiving, Sewing, Lapidary"," Pastel de Nata,  Pupusa"
1019837,Leonard Cortes,Leonard,Cortes,Denver,USA,30,"Mushroom hunting, Astronomy, Playing musical instruments","Hummus,  Pineapple Bun"
1019893,Lea Beck,Lea,Beck,Denver,USA,20,"Running, Parkour, Lego building"," Sushi,  Pineapple Bun"
1019988,Eduardo Morse,Eduardo,Morse,Kansas City,USA,63,"Driving, Juggling, Whittling","Chicken parm,  Pupusa"
102018,Kairi Knapp,Kairi,Knapp,Wichita,USA,43,"Mountaineering, Watching movies, Whittling"," Chilli Crab, Rendang"
1020191,Boden Stewart,Boden,Stewart,Plano,USA,21,"Vacation, Cryptography, Watching movies"," Boxty, Maple syrup"
102021,Maya Evans,Maya,Evans,Denver,USA,68,"Handball, Watching movies, Brazilian jiu-jitsu"," Somtam (Papaya Salad), Chicken muamba"
1020367,Elias Morgan,Elias,Morgan,Jacksonville,USA,23,"Community, Embroidery, Vacation"," Chilli Crab, Chicken parm"
1020811,Delilah Franco,Delilah,Franco,Austin,USA,28,"Scouting, Community, Slacklining"," Pupusa,  Dahi Bhalla"
102100,Gage Watts,Gage,Watts,Denver,USA,55,"Yoga, Rowing, BASE jumping"," Nasi Lemak, Masala dosa"
1021248,Melissa Rivas,Melissa,Rivas,Jacksonville,USA,31,"Basketball, Glassblowing, Stand-up comedy","Stinky tofu,  Poutine"
1021373,Damon Hernandez,Damon,Hernandez,Tucson,USA,53,"Baton twirling, Cooking, Metal detecting","Pastel de nata, Tom yum goong"
1021413,Camila Ellis,Camila,Ellis,El Paso,USA,64,"Motor sports, Embroidery, Sculpting"," Molokheyah,  Churros"
1021432,Cole Avalos,Cole,Avalos,Arlington,USA,41,"Flag Football, Glassblowing, Community","Shish kebab, Shish kebab"
1021481,Paloma May,Paloma,May,Albuquerue,USA,24,"Rugby, Kayaking, Lacemaking","Ohmi-gyu beef steak, Piri-piri chicken"
1021567,Finley McKinney,Finley,McKinney,Charlotte,USA,23,"Ghost hunting, Kite flying, Orienteering"," Somtam (Papaya Salad), Pierogi"
1021894,Gwendolyn Jensen,Gwendolyn,Jensen,Detroit,USA,51,"Basketball, Ice skating, Sewing"," Smørrebrød, Icecream"
1022070,Cash Cook,Cash,Cook,Arlington,USA,34,"Skimboarding, Astronomy, Whittling"," Bandeja Paisa, Jianbing "
1022101,Aaliyah Bradshaw,Aaliyah,Bradshaw,Milwaukee,USA,51,"Macrame, Yo-yoing, Web surfing"," Poutine, Jianbing "
102233,Emory Butler,Emory,Butler,Denver,USA,56,"Shooting, role-playing games, Worldbuilding"," Pineapple Bun,  Tteokbokki"
1022382,Athena Osborne,Athena,Osborne,Charlotte,USA,21,"Knitting, Bird watching, Sudoku","Bunny chow, Butter garlic crab"
1022476,Augustus Daniel,Augustus,Daniel,Kansas City,USA,47,"Archery, Tai chi, Gambling","Champ,  Choripan"
1022486,Joy Murray,Joy,Murray,El Paso,USA,35,"Flying, Cooking, Letterboxing","Poke, Maple syrup"
1022553,Ashton Boyer,Ashton,Boyer,Arlington,USA,70,"Brazilian jiu-jitsu, Stone skipping, Jogging"," Dahi Bhalla, Arepas"
1022715,Chaya Goodwin,Chaya,Goodwin,San Antonio,USA,45,"Wood carving, Ice skating, Horseback riding"," Tacos,  Bandeja Paisa"
1022721,Kaison Merritt,Kaison,Merritt,Charleston,USA,59,"Nordic skating, Rappelling, Sailing"," Pizza,  Smørrebrød"
1022739,Kaisley Quintana,Kaisley,Quintana,Columbus,USA,67,"Leather crafting, Paintball, Graffiti","Pho, Butter garlic crab"
1022786,Kelvin Hall,Kelvin,Hall,Jacksonville,USA,28,"Dance, Flying, Foreign language learning"," Boxty, Ohmi-gyu beef steak"
1022894,Leah Hurley,Leah,Hurley,Kansas City,USA,55,"Couponing, Surfing, Skiing","Corn on the cob, Peking duck"
1023078,Van Wang,Van,Wang,Wichita,USA,20,"Metalworking, Pottery, Netball","Maple syrup, Stinky tofu"
1023167,Kailani Hensley,Kailani,Hensley,Indianapolis,USA,24,"Rugby, tabletop games, Cycling","Seafood paella, Fajitas"
1023201,Layne Sosa,Layne,Sosa,Austin,USA,62,"Hunting, Horseback riding, Woodworking"," Hot Pot,  Sushi"
1023288,Cassandra Orr,Cassandra,Orr,Salt Lake City,USA,21,"Model building, Geocaching, Drama"," Tteokbokki, Pastel de nata"
1023462,Benicio Porter,Benicio,Porter,Horsham,USA,52,"Lockpicking, Sand art, Lockpicking","Lobster, Chicken rice"
1023581,Ryleigh Delgado,Ryleigh,Delgado,Phoenix,USA,32,"Ice skating, Surfing, Orienteering","Lasagna,  Boxty"
1023841,Colt Wagner,Colt,Wagner,Albuquerue,USA,46,"Running, Sewing, Knapping","Arepas,  Pineapple Bun"
1023991,Maeve Woodard,Maeve,Woodard,Horsham,USA,26,"Vehicle restoration, Singing, Wood carving","Chocolate,  Choripan"
1024256,Westley Ponce,Westley,Ponce,Austin,USA,35,"Painting, Sketching, Sculpting","Chicken rice, Peking duck"
1024286,Aileen English,Aileen,English,Baltimore,USA,63,"Leather crafting, Foraging, Book restoration"," Boxty, Shish kebab"
1024750,Junior Pierce,Junior,Pierce,Charlotte,USA,72,"Couponing, Quilting, Leather crafting","Lechón, Icecream"
1024827,Arabella Scott,Arabella,Scott,Sacramento,USA,23,"Macrame, Taekwondo, Blacksmithing"," Welsh rarebit,  Hummus"
1024998,Leo Miller,Leo,Miller,Indianapolis,USA,40,"Mycology, Genealogy, tabletop games"," Poutine, Pastel de nata"
1025043,Isabella Beasley,Isabella,Beasley,Baltimore,USA,61,"Netball, Kitesurfing, Sketching"," Smørrebrød, Hummus"
1025092,Stanley Harrington,Stanley,Harrington,Jacksonville,USA,28,"Community, Couponing, Flag Football","Parma ham, Masala dosa"
1025313,Legacy Richmond,Legacy,Richmond,San Antonio,USA,38,"Amateur radio, Blacksmithing, Gunsmithing","Corn on the cob,  Dahi Bhalla"
102542,Mordechai Nicholson,Mordechai,Nicholson,Charleston,USA,53,"Fashion, Machining, Hooping","Parma ham, Arepas"
1025515,Justice Sheppard,Justice,Sheppard,Detroit,USA,34,"Poi, Baton twirling, Rowing","Chocolate, Corn on the cob"
1025539,Trent Lewis,Trent,Lewis,Kansas City,USA,33,"Mountain biking, Scouting, Lego building","Seafood paella, Shish kebab"
1025650,Ellie Heath,Ellie,Heath,Sacramento,USA,34,"Dance, Sudoku, Gunsmithing","Ohmi-gyu beef steak, Pierogi"
1025860,Lionel English,Lionel,English,Milwaukee,USA,31,"Ice skating, Motor sports, Wood carving"," Hot Pot, Ohmi-gyu beef steak"
1025883,Kelly Pierce,Kelly,Pierce,Wichita,USA,34,"Cabaret, Acting, 3D printing"," Molokheyah,  Bandeja Paisa"
1026072,Nicolas Lara,Nicolas,Lara,El Paso,USA,70,"Basketball, Reading, Gambling"," Choripan, Masala dosa"
1026205,Heidi Bernard,Heidi,Bernard,Albuquerue,USA,33,"Astronomy, Sculpting, Basketball"," Hummus,  Haggis, Neeps & Tatties"
1026288,Jair Ruiz,Jair,Ruiz,Tucson,USA,44,"Knitting, Model building, Poi"," Tteokbokki, Fajitas"
1026301,Emery Rubio,Emery,Rubio,Columbus,USA,65,"Soapmaking, Rock climbing, Parkour","Hamburger, Champ"
102631,Titan Gilmore,Titan,Gilmore,Fresno,USA,35,"Metal detecting, Sculpting, Cryptography"," Haggis, Neeps & Tatties, Arepas"
1026412,Chanel Salas,Chanel,Salas,Detroit,USA,22,"Origami, Woodworking, Photography","Shish kebab,  Welsh rarebit"
1026496,Zaiden Campos,Zaiden,Campos,El Paso,USA,49,"Brazilian jiu-jitsu, Model building, Listening to music","Neapolitan pizza,  Nasi Lemak"
1026600,Sutton Buchanan,Sutton,Buchanan,Wichita,USA,21,"Rappelling, Knife making, Digital arts","Hamburger,  Crepes"
1026726,Enrique Powell,Enrique,Powell,Memphis,USA,32,"Astronomy, Vehicle restoration, Couponing"," Tacos,  Welsh rarebit"
102679,Vivian Parsons,Vivian,Parsons,El Paso,USA,46,"Board sports, Stone skipping, Computer programming"," Bandeja Paisa, Icecream"
1026823,Lewis Boyer,Lewis,Boyer,Baltimore,USA,31,"Shopping, Nordic skating, Lapidary"," Welsh rarebit,  Sushi"
1027081,Chaya Wiley,Chaya,Wiley,Memphis,USA,70,"Scuba diving, Tai chi, Model building","Bunny chow, Seafood paella"
1027362,Mathew Corona,Mathew,Corona,Plano,USA,41,"Motor sports, Machining, Taekwondo"," Dahi Bhalla,  Pelmeni"
1027449,Marianna Bravo,Marianna,Bravo,Albuquerue,USA,49,"Cosplaying, Vehicle restoration, Coloring","Hummus,  Choripan"
1027561,Genesis Marsh,Genesis,Marsh,Detroit,USA,22,"Kayaking, Board sports, Stone skipping"," Pineapple Bun, Croissant"
1027576,Adelina Cohen,Adelina,Cohen,Denver,USA,71,"Crocheting, Gaming, Archery","Piri-piri chicken,  Currywurst"
10275,Killian Howe,Killian,Howe,Sacramento,USA,43,"Roller skating, Rowing, Glassblowing"," Smørrebrød, Penang assam laksa"
1027632,Persephone West,Persephone,West,Memphis,USA,58,"Poi, Rowing, Genealogy"," Nasi Lemak,  Pizza"
1027671,Diego Woods,Diego,Woods,Arlington,USA,40,"Couponing, Snowboarding, 3D printing","Lechón, Butter garlic crab"
102777,Reese Hernandez,Reese,Hernandez,Jacksonville,USA,26,"Letterboxing, Knapping, Flying"," Chilli Crab,  Churros"
1027819,Mason Mills,Mason,Mills,San Antonio,USA,20,"Lacemaking, Shooting, Lacemaking"," Hummus, Poke"
1027838,June Cunningham,June,Cunningham,El Paso,USA,44,"Stone skipping, Lockpicking, Gambling","Pierogi, Poke"
1027942,Alejandro Ponce,Alejandro,Ponce,Charleston,USA,33,"Baton twirling, Driving, Pet"," Choripan, Lobster"
1028076,Aileen Peterson,Aileen,Peterson,Columbus,USA,44,"Juggling, Fishing, Foreign language learning","Lasagna, Hummus"
1028169,Santiago Roberts,Santiago,Roberts,Horsham,USA,45,"Scrapbooking, Scouting, 3D printing"," Pelmeni,  Pineapple Bun"
1028465,Paisley Farley,Paisley,Farley,Sacramento,USA,64,"Painting, Lego building, Mountaineering"," Molokheyah,  Tacos"
1028707,Graysen Dennis,Graysen,Dennis,Charleston,USA,29,"Gunsmithing, Taxidermy, Netball","Maple syrup, Poke"
1028734,Maisie Manning,Maisie,Manning,Phoenix,USA,24,"Whittling, Electronics, Sports"," Choripan, Croissant"
1029019,Seth Merritt,Seth,Merritt,Charlotte,USA,54,"Cooking, Writing, Yo-yoing"," Tacos,  Pupusa"
1029334,Kaisley Flores,Kaisley,Flores,Denver,USA,52,"Archery, Candle making, Creative writing","Peking duck,  Hot Pot"
1030158,Lincoln Lam,Lincoln,Lam,Charleston,USA,28,"Sewing, Skateboarding, Leather crafting"," Tacos, Chicken rice"
1030239,Karina Johnson,Karina,Johnson,Salt Lake City,USA,63,"Horseback riding, Stand-up comedy, Baton twirling","Chicken rice, Stinky tofu"
1030537,Noah Fisher,Noah,Fisher,Plano,USA,67,"Fishing, Listening to music, Sculpting","Parma ham,  Crepes"
1030586,Arya Porter,Arya,Porter,Arlington,USA,48,"Coloring, Hiking, Digital arts"," Bandeja Paisa, Pho"
1030587,Rhett Drake,Rhett,Drake,Baltimore,USA,72,"Coloring, Scrapbooking, Knitting","Bunny chow,  Pupusa"
1030643,Jayleen Combs,Jayleen,Combs,Detroit,USA,56,"Taxidermy, Handball, Calligraphy","Champ, Arepas"
1030759,Ahmad Heath,Ahmad,Heath,El Paso,USA,52,"Gambling, Ice skating, Letterboxing"," Nasi Lemak, Ankimo"
1031064,Amani Bradford,Amani,Bradford,Kansas City,USA,45,"Mountaineering, Baseball, Amateur radio","Parma ham, Jianbing "
1031243,Ander Willis,Ander,Willis,Phoenix,USA,62,"Taxidermy, Cooking, Taekwondo","Corn on the cob,  Somtam (Papaya Salad)"
1031360,Alexa Contreras,Alexa,Contreras,Charlotte,USA,73,"Scuba diving, Snowboarding, Jigsaw puzzles"," Crepes, Corn on the cob"
103154,Emilio Johnson,Emilio,Johnson,Kansas City,USA,66,"Geocaching, Cabaret, Mushroom hunting","Rendang, Pierogi"
1031558,Emma Briggs,Emma,Briggs,Albuquerue,USA,22,"Lego building, Wood carving, Stand-up comedy"," Pineapple Bun,  Pastel de Nata"
1031655,Case Osborne,Case,Osborne,Detroit,USA,59,"Glassblowing, Writing, Lacemaking","Butter garlic crab, Penang assam laksa"
1031806,Shelby Reyna,Shelby,Reyna,Salt Lake City,USA,60,"Board games, Stand-up comedy, Jogging"," Haggis, Neeps & Tatties, Ohmi-gyu beef steak"
1032060,Reginald Bruce,Reginald,Bruce,Wichita,USA,65,"Wood carving, Taxidermy, Crocheting"," Haggis, Neeps & Tatties, Masala dosa"
1032068,Marilyn Richards,Marilyn,Richards,Arlington,USA,52,"Metalworking, Cycling, Sports"," Nasi Lemak, Parma ham"
103263,Holden Price,Holden,Price,Phoenix,USA,44,"Archery, Running, Wood carving","Fajitas,  Fish and Chips"
1032901,Piper McDowell,Piper,McDowell,Phoenix,USA,39,"Acting, Crocheting, Community"," Pineapple Bun, Chili crab"
1032923,Lachlan Rivas,Lachlan,Rivas,Arlington,USA,73,"Mushroom hunting, Lego building, Model building","Chocolate, Arepas"
1033333,Averie Maddox,Averie,Maddox,Tucson,USA,48,"Embroidery, Calligraphy, Video gaming","Chicken rice, Penang assam laksa"
1033353,Lyric Bond,Lyric,Bond,Denver,USA,69,"Drawing, Juggling, Metalworking"," Boxty,  Pastel de Nata"
1033357,Alena Stafford,Alena,Stafford,Kansas City,USA,31,"Lacemaking, Yo-yoing, scrapbook"," Chilli Crab, Neapolitan pizza"
1033436,Alfredo Felix,Alfredo,Felix,Denver,USA,34,"Cryptography, Kitesurfing, Paintball"," Haggis, Neeps & Tatties, Parma ham"
1033719,Paisleigh Zavala,Paisleigh,Zavala,Horsham,USA,25,"3D printing, Kitesurfing, Knapping","Hummus, Butter garlic crab"
1033773,Dillon Potter,Dillon,Potter,Charleston,USA,72,"Sudoku, Jewelry making, Taekwondo"," Bandeja Paisa,  Choripan"
10338,Rory Sherman,Rory,Sherman,Albuquerue,USA,50,"scrapbook, Netball, Flying disc"," Nasi Lemak, Lechón"
103401,Adan Kennedy,Adan,Kennedy,Fresno,USA,36,"Homebrewing, Couponing, Cooking","Neapolitan pizza,  Molokheyah"
10341,Brianna Phelps,Brianna,Phelps,Indianapolis,USA,29,"Knife making, Gaming, Juggling"," Haggis, Neeps & Tatties,  Chilli Crab"
1034376,Hamza Dean,Hamza,Dean,San Antonio,USA,40,"Rappelling, Rappelling, Cabaret","Poke,  Hummus"
1034482,Julianna Gilmore,Julianna,Gilmore,Indianapolis,USA,73,"Flying, Electronics, Origami","Ankimo, Hummus"
1034507,Vihaan Robertson,Vihaan,Robertson,Baltimore,USA,49,"Machining, Reading, Fashion"," Khinkali, Masala dosa"
1034518,Harmony Vargas,Harmony,Vargas,Tucson,USA,64,"Board sports, Mushroom hunting, Polo"," Currywurst,  Choripan"
1034596,Ryker Hamilton,Ryker,Hamilton,Arlington,USA,43,"Model building, Embroidery, Board sports","Piri-piri chicken, Butter garlic crab"
1034724,Mackenzie Vincent,Mackenzie,Vincent,El Paso,USA,24,"Ice skating, Netball, Skydiving","Croissant,  Currywurst"
1034857,Aarav Montes,Aarav,Montes,Sacramento,USA,38,"Rafting, Shooting, Pet","Ohmi-gyu beef steak, Seafood paella"
1035265,Roselyn Larsen,Roselyn,Larsen,Detroit,USA,52,"Community, Lapidary, Macrame","Arepas, Arepas"
1035280,Brycen Lugo,Brycen,Lugo,Columbus,USA,55,"Origami, Baton twirling, Digital arts"," Nasi Lemak, Lasagna"
1035340,Kaylie Cobb,Kaylie,Cobb,Detroit,USA,34,"Scrapbooking, Graffiti, Bodybuilding","Icecream, Piri-piri chicken"
1035610,Raphael Glass,Raphael,Glass,El Paso,USA,68,"Sailing, Jigsaw puzzles, Glassblowing","Piri-piri chicken,  Tacos"
1035687,Clare Gutierrez,Clare,Gutierrez,Indianapolis,USA,27,"Flying disc, Mountaineering, Reading"," Pineapple Bun, Bunny chow"
1035691,Luca Clay,Luca,Clay,Indianapolis,USA,35,"Netball, Rappelling, Board games"," Pizza, Lechón"
1035717,Aliana Johnston,Aliana,Johnston,Plano,USA,43,"Flag Football, Acting, Scrapbooking"," Chilli Crab, Chicken rice"
1035746,Felix Santos,Felix,Santos,Arlington,USA,56,"Listening to music, Urban exploration, Magic","Hummus,  Churros"
1035930,Alana Weaver,Alana,Weaver,Phoenix,USA,22,"amateur radio, Running, Mountain biking","Croissant,  Smørrebrød"
1035940,Tucker Barton,Tucker,Barton,Salt Lake City,USA,65,"Stone skipping, Sculpting, Flag Football","Penang assam laksa, Icecream"
1035968,Danna Owen,Danna,Owen,Tucson,USA,23,"Scouting, Inline skating, Lapidary","Chili crab,  Dahi Bhalla"
1036129,Cannon Richard,Cannon,Richard,Charleston,USA,40,"Kitesurfing, Taxidermy, Quilting","Chili crab,  Tacos"
1036153,Davina Duncan,Davina,Duncan,Milwaukee,USA,40,"Kitesurfing, Board games, Sculpting","Fajitas,  Poutine"
1036222,Avery Koch,Avery,Koch,Horsham,USA,42,"Vacation, Dowsing, Machining"," Chilli Crab,  Molokheyah"
1036388,Milana Nava,Milana,Nava,Salt Lake City,USA,45,"Running, Horseback riding, Skiing"," Choripan,  Fish and Chips"
1036440,Stefan Dunn,Stefan,Dunn,Austin,USA,20,"Skateboarding, Bird watching, Hiking"," Welsh rarebit,  Crepes"
1036444,Olive Christian,Olive,Christian,Fresno,USA,49,"Gardening, 3D printing, Wood carving"," Nasi Lemak, Lobster"
1036684,Ledger Dejesus,Ledger,Dejesus,Arlington,USA,50,"Puzzles, Video gaming, Vehicle restoration","Icecream, Chocolate"
10367,Julissa Blanchard,Julissa,Blanchard,Charlotte,USA,20,"Handball, Netball, Yo-yoing"," Bandeja Paisa, Jianbing "
1037136,Adler Bautista,Adler,Bautista,Tucson,USA,45,"Bird watching, Machining, Scouting"," Haggis, Neeps & Tatties,  Pelmeni"
1037224,Antonella Sexton,Antonella,Sexton,Detroit,USA,20,"Flying, Kite flying, Handball","Neapolitan pizza, Corn on the cob"
1037278,Mylo Watson,Mylo,Watson,Plano,USA,43,"Genealogy, Rafting, Rugby","Ohmi-gyu beef steak, Pastel de nata"
1037340,Hailey Bean,Hailey,Bean,Indianapolis,USA,24,"Gambling, Orienteering, Bodybuilding","Fajitas, Chicken muamba"
1037366,Mccoy Guzman,Mccoy,Guzman,Jacksonville,USA,20,"Shooting, Yo-yoing, Wood carving"," Molokheyah, Fajitas"
1037410,Ashley Henderson,Ashley,Henderson,Detroit,USA,24,"tabletop games, Fashion, Bird watching"," Churros, Tom yum goong"
1037555,Beau Michael,Beau,Michael,Kansas City,USA,21,"Polo, Skiing, Baseball","Masala dosa,  Poutine"
1038253,Aubriella Gomez,Aubriella,Gomez,Wichita,USA,52,"Embroidery, Cryptography, Painting"," Chilli Crab, Hummus"
1038349,Isaiah Xiong,Isaiah,Xiong,Plano,USA,24,"Genealogy, Mycology, Pottery","Butter garlic crab, Chili crab"
1038405,Amayah Newman,Amayah,Newman,Baltimore,USA,27,"Hunting, Letterboxing, Couponing"," Tacos, Penang assam laksa"
1038497,Anderson Stone,Anderson,Stone,Wichita,USA,60,"Letterboxing, Skydiving, Watching movies"," Welsh rarebit, Poke"
1038659,Catalina Dejesus,Catalina,Dejesus,Salt Lake City,USA,56,"role-playing games, Stand-up comedy, Lockpicking"," Churros,  Pineapple Bun"
1038755,Rio Lim,Rio,Lim,Kansas City,USA,65,"amateur radio, Dance, Cooking","Chicken rice, Pastel de nata"
1038907,Giavanna Tyler,Giavanna,Tyler,Arlington,USA,49,"Genealogy, Origami, Magic"," Somtam (Papaya Salad), Pierogi"
1038944,Emmitt Tran,Emmitt,Tran,Milwaukee,USA,31,"Snowboarding, Drawing, Pottery","Ohmi-gyu beef steak,  Pelmeni"
1039219,Kylie Beard,Kylie,Beard,Charleston,USA,40,"Gaming, Lockpicking, Knapping","Butter garlic crab,  Churros"
1039338,Nathanael Schneider,Nathanael,Schneider,Salt Lake City,USA,68,"Netball, Yoga, Cosplaying"," Crepes,  Dahi Bhalla"
103933,Delaney Hancock,Delaney,Hancock,Sacramento,USA,36,"Urban exploration, Glassblowing, Jewelry making","Lobster,  Smørrebrød"
103958,Rex Howard,Rex,Howard,Columbus,USA,28,"Shopping, Horseback riding, Yoga"," Churros, Poke"
1039597,Sophie Stanton,Sophie,Stanton,Fresno,USA,64,"Skiing, Lockpicking, Leather crafting"," Crepes, Parma ham"
1039598,Zyair Love,Zyair,Love,Arlington,USA,24,"Leather crafting, Coloring, Mushroom hunting","Corn on the cob, Neapolitan pizza"
1039672,Avianna Corona,Avianna,Corona,Wichita,USA,39,"Watching movies, Geocaching, 3D printing","Croissant,  Hot Pot"
1039861,Darian Bowman,Darian,Bowman,Austin,USA,33,"Rock climbing, Origami, Soapmaking"," Somtam (Papaya Salad), Piri-piri chicken"
1039869,Fiona Bruce,Fiona,Bruce,Phoenix,USA,66,"Flower arranging, Gunsmithing, Fishing"," Boxty,  Freakshakes"
1039897,Uriah Wheeler,Uriah,Wheeler,Jacksonville,USA,49,"Urban exploration, Stone skipping, Motor sports","Chicken rice, Lobster"
1039982,Sydney Rose,Sydney,Rose,Wichita,USA,47,"Playing musical instruments, Whittling, Magic","Icecream, Arepas"
1040249,Hayden Cisneros,Hayden,Cisneros,Denver,USA,27,"Drama, Vehicle restoration, Cosplaying"," Bandeja Paisa, Chicken muamba"
1040514,Janelle Hicks,Janelle,Hicks,Charlotte,USA,45,"Sailing, Coloring, Homebrewing","Icecream, Champ"
104057,Maddox Buchanan,Maddox,Buchanan,Sacramento,USA,29,"Beekeeping, Acting, Orienteering","Ankimo,  Tteokbokki"
1040795,Maryam Skinner,Maryam,Skinner,Sacramento,USA,20,"Rafting, Horseback riding, Snowboarding"," Khinkali, Stinky tofu"
1041020,Ridge Pugh,Ridge,Pugh,Horsham,USA,32,"Basketball, Board games, Video gaming"," Chilli Crab, Seafood paella"
1041206,Landry Wells,Landry,Wells,Salt Lake City,USA,62,"Pottery, Listening to music, Rock climbing","Arepas, Butter garlic crab"
1041507,Max Chase,Max,Chase,Denver,USA,45,"Baseball, Lego building, Fishing"," Sushi, Lasagna"
1041526,Angie Farrell,Angie,Farrell,Kansas City,USA,40,"Cabaret, Gaming, Running","Icecream,  Crepes"
1041596,Ty Howe,Ty,Howe,Sacramento,USA,59,"Mushroom hunting, Polo, Juggling","Pierogi, Hamburger"
1041598,Persephone Carter,Persephone,Carter,Kansas City,USA,51,"Hiking, Skiing, Running","Rendang,  Fish and Chips"
1041601,Maverick Coffey,Maverick,Coffey,Albuquerue,USA,50,"Kayaking, Magic, Flag Football","Seafood paella, Hamburger"
1041717,Paola Calderon,Paola,Calderon,Denver,USA,45,"Rock climbing, Sudoku, Metal detecting","Hummus, Butter garlic crab"
1041850,Oakley Francis,Oakley,Francis,Horsham,USA,72,"Leather crafting, Nordic skating, Mountaineering","Chicken rice, Hamburger"
1041971,Daniella Stokes,Daniella,Stokes,Albuquerue,USA,62,"Flying, Web surfing, Dance"," Haggis, Neeps & Tatties, Shish kebab"
1042013,Santana French,Santana,French,Baltimore,USA,64,"Calligraphy, Cooking, Woodworking","Chicken parm, Chicken rice"
1042025,Lorelai Cuevas,Lorelai,Cuevas,San Antonio,USA,32,"Crocheting, Orienteering, Fishing","Rendang, Icecream"
104203,Brecken Faulkner,Brecken,Faulkner,Salt Lake City,USA,66,"Nordic skating, Sand art, Rock climbing","Masala dosa, Chicken rice"
1042083,Ansley Sellers,Ansley,Sellers,Phoenix,USA,62,"Geocaching, Rappelling, 3D printing"," Tacos, Chili crab"
1042142,Madden Hanson,Madden,Hanson,Sacramento,USA,23,"Rock climbing, Whittling, Singing","Pastel de nata,  Churros"
1042147,Mariana Koch,Mariana,Koch,Plano,USA,21,"Skydiving, Skydiving, Book restoration","Jianbing ,  Choripan"
1042322,Salvador Pruitt,Salvador,Pruitt,Milwaukee,USA,48,"Cryptography, Surfing, Singing","Seafood paella,  Churros"
1042410,Brylee Melton,Brylee,Melton,San Antonio,USA,42,"Listening to music, Sculling, Archery","Stinky tofu, Fajitas"
1042445,Lennon Coleman,Lennon,Coleman,Austin,USA,20,"Soapmaking, Candle making, Calligraphy","Poke, Ohmi-gyu beef steak"
1042638,Julia Cisneros,Julia,Cisneros,Detroit,USA,45,"Sudoku, Lacemaking, Playing musical instruments","Butter garlic crab, Lechón"
1042765,Alden Porter,Alden,Porter,Kansas City,USA,60,"Sports, amateur radio, Machining","Chocolate,  Currywurst"
1042772,Ryleigh Griffin,Ryleigh,Griffin,Jacksonville,USA,43,"Poi, Foreign language learning, Origami","Chicken parm, Ohmi-gyu beef steak"
1043187,Ayden Shelton,Ayden,Shelton,Memphis,USA,49,"Skydiving, Scrapbooking, Origami"," Fish and Chips, Lobster"
104340,Makenzie Richard,Makenzie,Richard,Milwaukee,USA,51,"Macrame, Wood carving, Beekeeping","Piri-piri chicken,  Fish and Chips"
1043547,Ahmed Freeman,Ahmed,Freeman,Jacksonville,USA,73,"Pet, Sketching, Running"," Boxty,  Nasi Lemak"
1043597,Norah McCann,Norah,McCann,Memphis,USA,33,"Scouting, Taxidermy, Foreign language learning","Ohmi-gyu beef steak, Penang assam laksa"
1043652,Heath Johns,Heath,Johns,Detroit,USA,29,"3D printing, Community, Tai chi","Icecream, Seafood paella"
1043736,Giovanna Klein,Giovanna,Klein,Baltimore,USA,24,"Metalworking, Tai chi, Reading","Penang assam laksa,  Bandeja Paisa"
104392,Marco Bush,Marco,Bush,Wichita,USA,71,"Vacation, Jigsaw puzzles, Orienteering"," Khinkali, Shish kebab"
1044246,Everlee Mathews,Everlee,Mathews,Milwaukee,USA,44,"Air sports, Flying, Watching movies","Chili crab, Butter garlic crab"
1044265,Jamir Yang,Jamir,Yang,San Antonio,USA,71,"Rugby, Soapmaking, Mushroom hunting"," Poutine,  Dahi Bhalla"
1044357,Angelina Berry,Angelina,Berry,Wichita,USA,71,"Electronics, Astronomy, Astronomy","Lasagna,  Pupusa"
1044743,Adonis Barnes,Adonis,Barnes,Charlotte,USA,39,"Cryptography, Taekwondo, Reading"," Tacos,  Somtam (Papaya Salad)"
1044791,Liliana Curry,Liliana,Curry,Jacksonville,USA,44,"Surfing, Fashion, Archery","Jianbing , Fajitas"
1044908,Briggs Lu,Briggs,Lu,Milwaukee,USA,70,"Scuba diving, Lockpicking, Quilting"," Hummus, Hamburger"
1045172,Emani Palacios,Emani,Palacios,El Paso,USA,73,"Inline skating, Lego building, Wood carving"," Khinkali,  Fish and Chips"
1045253,Thaddeus Maxwell,Thaddeus,Maxwell,Albuquerue,USA,58,"Yo-yoing, Community, Blacksmithing","Chicken muamba,  Tacos"
1045260,Kyla Grimes,Kyla,Grimes,Kansas City,USA,53,"Homebrewing, Puzzles, Model building","Stinky tofu,  Pineapple Bun"
1045276,Harlan Salgado,Harlan,Salgado,Horsham,USA,29,"Metalworking, tabletop games, Air sports","Chicken rice, Lechón"
1045343,Avalynn Huff,Avalynn,Huff,Denver,USA,65,"tabletop games, Running, Sculling"," Pizza,  Pineapple Bun"
104550,Finnley McKay,Finnley,McKay,Albuquerue,USA,63,"Rowing, Digital arts, Orienteering","Piri-piri chicken, Maple syrup"
1045598,Leanna Booker,Leanna,Booker,San Antonio,USA,42,"Orienteering, Urban exploration, Kayaking","Bunny chow,  Haggis, Neeps & Tatties"
1045980,Dominik Shannon,Dominik,Shannon,Austin,USA,29,"Bodybuilding, tabletop games, Photography"," Tacos,  Pizza"
1046252,Harlee Wells,Harlee,Wells,Jacksonville,USA,57,"Baton twirling, Driving, Brazilian jiu-jitsu","Piri-piri chicken,  Churros"
1046466,Max Montoya,Max,Montoya,Columbus,USA,71,"Kabaddi, Whittling, 3D printing","Stinky tofu,  Poutine"
1046470,Kamryn Wong,Kamryn,Wong,Milwaukee,USA,48,"Watching movies, Yoga, Urban exploration","Champ, Chicken parm"
104658,Walter Villegas,Walter,Villegas,Milwaukee,USA,71,"Sailing, Astronomy, Sand art","Hamburger, Shish kebab"
1046830,Jessie Briggs,Jessie,Briggs,Arlington,USA,26,"Blacksmithing, Baseball, Book restoration"," Boxty, Hamburger"
1046847,Case Deleon,Case,Deleon,Fresno,USA,53,"Mountain biking, Photography, Poi"," Tteokbokki, Icecream"
104689,Gabrielle Frye,Gabrielle,Frye,Albuquerue,USA,35,"Dance, Fishing, Letterboxing"," Tacos,  Pastel de Nata"
1046970,Franco Benjamin,Franco,Benjamin,Plano,USA,54,"Hiking, Sports, Beekeeping"," Choripan, Rendang"
1047140,Jianna Hines,Jianna,Hines,El Paso,USA,48,"Foraging, Gaming, Baseball"," Churros, Pastel de nata"
1047605,Uriel Oliver,Uriel,Oliver,Austin,USA,70,"Coloring, Skydiving, Lapidary"," Pineapple Bun,  Freakshakes"
1047636,Camille Hanson,Camille,Hanson,Kansas City,USA,21,"Leather crafting, Urban exploration, Rugby","Croissant, Arepas"
1047838,Khalil Reed,Khalil,Reed,Charlotte,USA,22,"Candle making, Whittling, Handball","Pastel de nata,  Currywurst"
1047896,Valentina Peck,Valentina,Peck,Austin,USA,36,"Model building, Flower arranging, Jogging"," Bandeja Paisa, Lobster"
104792,Yousef Booker,Yousef,Booker,Memphis,USA,30,"Writing, Motor sports, Painting"," Pizza, Arepas"
1048017,Nataly Armstrong,Nataly,Armstrong,El Paso,USA,40,"Vehicle restoration, Scouting, Inline skating","Stinky tofu, Fajitas"
1048435,Grant Rich,Grant,Rich,Milwaukee,USA,59,"Roller skating, Kite flying, Machining","Lechón,  Smørrebrød"
104847,Sunny Richard,Sunny,Richard,Columbus,USA,21,"Rugby, Parkour, tabletop games","Shish kebab, Piri-piri chicken"
1048704,Ahmed Chase,Ahmed,Chase,Plano,USA,54,"Sports, Skateboarding, Driving"," Crepes, Fajitas"
1048792,Angie Clements,Angie,Clements,Charleston,USA,63,"Stand-up comedy, Stone skipping, Hooping","Piri-piri chicken,  Bandeja Paisa"
1049063,Fisher Moreno,Fisher,Moreno,Austin,USA,32,"Parkour, Bodybuilding, Creative writing","Poke,  Chilli Crab"
1049110,Mary Hunt,Mary,Hunt,Wichita,USA,71,"Backpacking, Ghost hunting, Cabaret"," Hummus, Poke"
1049160,Jesus Beil,Jesus,Beil,El Paso,USA,50,"Cryptography, Knife making, Snowboarding"," Nasi Lemak, Maple syrup"
1049163,Itzel Mack,Itzel,Mack,Denver,USA,25,"Playing musical instruments, Fishing, Vacation","Pho,  Pelmeni"
1049225,Esteban Valdez,Esteban,Valdez,San Antonio,USA,72,"Scrapbooking, Geocaching, Roller skating","Icecream,  Welsh rarebit"
1049490,Diana Matthews,Diana,Matthews,Sacramento,USA,20,"tabletop games, Knitting, Bodybuilding","Pho,  Freakshakes"
1049857,Preston Harmon,Preston,Harmon,Plano,USA,20,"Dance, Flying, Graffiti"," Chilli Crab, Hummus"
1050001,Maren Orozco,Maren,Orozco,Horsham,USA,21,"Worldbuilding, Hunting, Model building"," Chilli Crab,  Pizza"
1050169,Keanu Conner,Keanu,Conner,Memphis,USA,35,"Gardening, Pottery, Sand art"," Boxty, Rendang"
105021,Alondra Thomas,Alondra,Thomas,Jacksonville,USA,65,"Community, Whittling, amateur radio","Poke, Neapolitan pizza"
1050229,Logan Brady,Logan,Brady,Fresno,USA,40,"Beekeeping, Kabaddi, Reading"," Hot Pot,  Bandeja Paisa"
1050263,Ryan Romero,Ryan,Romero,Salt Lake City,USA,21,"Hiking, Stand-up comedy, Pet","Arepas, Icecream"
1050390,Bryson Montoya,Bryson,Montoya,Fresno,USA,51,"Magic, Cryptography, Creative writing"," Sushi,  Choripan"
1050487,Kamryn Becker,Kamryn,Becker,Albuquerue,USA,38,"Acting, Inline skating, Sculling","Chicken rice, Hamburger"
1050579,Lawson Ryan,Lawson,Ryan,Wichita,USA,36,"Sketching, Pet, Community","Rendang,  Crepes"
1050674,Morgan Edwards,Morgan,Edwards,Austin,USA,31,"Graffiti, Scrapbooking, Board sports","Chicken rice,  Currywurst"
1050820,Adrian McCormick,Adrian,McCormick,Arlington,USA,52,"Electronics, Swimming, Horseback riding","Lobster, Pierogi"
1050845,Macie Allen,Macie,Allen,Wichita,USA,48,"Creative writing, Foreign language learning, Flying disc"," Poutine, Hamburger"
1050906,Carter Thomas,Carter,Thomas,San Antonio,USA,39,"Coloring, Metalworking, Knife making"," Tteokbokki,  Molokheyah"
105110,Elizabeth Harding,Elizabeth,Harding,Baltimore,USA,24,"Rappelling, Skiing, Candle making"," Bandeja Paisa,  Nasi Lemak"
1051183,Brodie Leonard,Brodie,Leonard,Charlotte,USA,66,"Surfing, Motor sports, Mountaineering"," Tteokbokki,  Poutine"
1051188,Demi Roberts,Demi,Roberts,San Antonio,USA,48,"Skateboarding, Fishing, Sports","Champ, Chicken muamba"
1051495,Josiah Koch,Josiah,Koch,Tucson,USA,34,"Bodybuilding, Jigsaw puzzles, Whittling","Seafood paella, Croissant"
1051507,Milana Marshall,Milana,Marshall,Denver,USA,46,"Orienteering, Sculling, Letterboxing"," Welsh rarebit,  Chilli Crab"
1051638,Kaiden Austin,Kaiden,Austin,Charlotte,USA,44,"Soapmaking, 3D printing, Acting"," Boxty, Lasagna"
1051831,Alivia Barnett,Alivia,Barnett,Detroit,USA,43,"Acting, Singing, Scouting"," Molokheyah, Croissant"
1051901,Stephen Howe,Stephen,Howe,Kansas City,USA,27,"Glassblowing, Horseback riding, Knapping"," Pelmeni,  Churros"
1051949,Persephone McCoy,Persephone,McCoy,Austin,USA,73,"Kite flying, Handball, Creative writing"," Boxty, Penang assam laksa"
1052086,Jett Glass,Jett,Glass,San Antonio,USA,62,"Motor sports, Whittling, Flying"," Welsh rarebit,  Dahi Bhalla"
1052124,Clare McDaniel,Clare,McDaniel,Denver,USA,27,"Fishing, Sculpting, Quilting"," Fish and Chips, Chicken parm"
1052170,Major Lopez,Major,Lopez,Plano,USA,26,"Graffiti, Mycology, Do it yourself","Jianbing ,  Hot Pot"
1052222,Gianna Allen,Gianna,Allen,Milwaukee,USA,22,"Writing, Cycling, Flag Football","Hummus, Rendang"
1052264,Carter Frederick,Carter,Frederick,Denver,USA,62,"Acting, Community, Lacemaking","Lobster,  Hot Pot"
105227,Sariyah Clark,Sariyah,Clark,Baltimore,USA,73,"Astronomy, Jewelry making, Rock climbing","Neapolitan pizza,  Tteokbokki"
1052283,John Novak,John,Novak,Salt Lake City,USA,35,"Gunsmithing, amateur radio, Sports"," Hot Pot,  Welsh rarebit"
105234,Kaiya Burch,Kaiya,Burch,Fresno,USA,46,"Shooting, Vacation, Knapping"," Currywurst, Lasagna"
1052629,Gerald Snyder,Gerald,Snyder,Plano,USA,41,"Dowsing, Inline skating, Ice skating","Stinky tofu, Parma ham"
1052827,Callie Esparza,Callie,Esparza,Charleston,USA,24,"Cosplaying, Kitesurfing, Kite flying"," Hummus, Corn on the cob"
1053129,Carl Adams,Carl,Adams,Horsham,USA,62,"Jigsaw puzzles, Lockpicking, Slacklining","Lasagna,  Crepes"
105333,Stella Mora,Stella,Mora,Denver,USA,63,"3D printing, 3D printing, Crocheting"," Tteokbokki, Bunny chow"
1053508,Arturo Duarte,Arturo,Duarte,Indianapolis,USA,70,"Reading, Backpacking, Embroidery","Pierogi, Arepas"
1053918,Kynlee Fuller,Kynlee,Fuller,Salt Lake City,USA,50,"Skydiving, Kitesurfing, Nordic skating"," Pupusa,  Welsh rarebit"
105391,Andre Barnes,Andre,Barnes,Fresno,USA,37,"Running, Vehicle restoration, Wood carving","Masala dosa, Poke"
1053924,Liliana Briggs,Liliana,Briggs,Salt Lake City,USA,68,"Vacation, Vehicle restoration, Amateur radio","Masala dosa, Icecream"
1054211,Case Hood,Case,Hood,Milwaukee,USA,69,"Playing musical instruments, Pottery, Astronomy"," Fish and Chips, Lechón"
1054311,Briana Ortiz,Briana,Ortiz,Kansas City,USA,60,"Gambling, Horseback riding, Urban exploration","Jianbing , Fajitas"
1054343,Landon Shaffer,Landon,Shaffer,Austin,USA,34,"Skydiving, Juggling, Skiing","Icecream,  Choripan"
1054560,Alanna Vargas,Alanna,Vargas,Salt Lake City,USA,37,"Rock climbing, Foreign language learning, Orienteering","Arepas, Rendang"
1054618,Ryker Harmon,Ryker,Harmon,Horsham,USA,55,"Handball, Lockpicking, Gardening","Parma ham, Butter garlic crab"
1054852,Maren Flores,Maren,Flores,Indianapolis,USA,52,"Reading, Board games, BASE jumping","Shish kebab, Bunny chow"
1054873,Lincoln Reilly,Lincoln,Reilly,Columbus,USA,53,"Jogging, Whittling, Motor sports"," Hot Pot, Butter garlic crab"
105495,Tori Dejesus,Tori,Dejesus,Fresno,USA,22,"BASE jumping, Metal detecting, Machining","Chili crab, Arepas"
1055047,Rio Stein,Rio,Stein,Salt Lake City,USA,34,"Glassblowing, Reading, Taxidermy","Penang assam laksa, Peking duck"
1055256,Leilany McKenzie,Leilany,McKenzie,Indianapolis,USA,52,"Dance, Skydiving, Rugby","Neapolitan pizza,  Hot Pot"
1055337,Scott Hernandez,Scott,Hernandez,Indianapolis,USA,49,"Slacklining, Quilting, Vacation"," Bandeja Paisa, Chocolate"
1055523,Camila Norman,Camila,Norman,Albuquerue,USA,54,"Reading, Backpacking, Embroidery","Neapolitan pizza,  Tteokbokki"
1055528,Aziel Reynolds,Aziel,Reynolds,Columbus,USA,46,"Skydiving, Kitesurfing, Nordic skating"," Hot Pot,  Welsh rarebit"
1055585,Isabelle Maldonado,Isabelle,Maldonado,Sacramento,USA,31,"Running, Vehicle restoration, Wood carving"," Currywurst, Lasagna"